prompt,generated_text,generation_time,temperature,top_k,top_p,num_beams,max_length,no_repeat_ngram_size
The future of artificial intelligence will,"The future of artificial intelligence will be a matter of time before we can fully understand the nature of the human brain.

The research, published in the journal Nature Communications, is the first to show that artificial neural networks can be used to solve problems in real time. The research was led by a team of researchers at the University of California, Berkeley, and the National Institute of Standards and Technology (NIST).
""The idea of neural network networks is to be able to understand a person's",31.672992944717407,0.2,50,0.9,1,100,2
The future of artificial intelligence will,"The future of artificial intelligence will be a challenge for the future.

The research team, led by Dr. David Schulz, is now working on a new technology that will allow researchers to measure the impact of AI on the human brain. The research was published in the journal Proceedings of the National Academy of Sciences.",19.801562547683716,0.5,50,0.9,1,100,2
The future of artificial intelligence will,"The future of artificial intelligence will be seen in the fields of economics, business, and medicine. We are talking about how computers will help us understand the problems and opportunities of the future.

The Future of Artificial Intelligence
It's a very powerful concept to study, analyze and understand, but it's not a science. It's also a technological development that is driven by the advances in artificial Intelligence. The current technological advancements in computer technology are not just the result of some technological breakthroughs, they",30.634125232696533,0.8,50,0.9,1,100,2
The future of artificial intelligence will,"The future of artificial intelligence will take years or years. The world won't be able to reach its most important goal, but it will be an opportunity to discover some of the most interesting things that humans have ever done.",12.44632625579834,1.0,50,0.9,1,100,2
Once upon a time in a digital world,"Once upon a time in a digital world, the world is a little more like a computer.

The world of the Internet is not just a virtual world. It is an interactive world that is accessible to all. The world itself is interactive. There are many ways to interact with the internet, including by using a smartphone or tablet. You can interact directly with it, but you can't interact in the real world without using the web browser. In fact, you could interact on the Web without",29.06204390525818,0.2,50,0.9,1,100,2
Once upon a time in a digital world,"Once upon a time in a digital world, it's easy to forget that the world is full of people.

""I'm not sure if the internet is a real thing,"" says a British journalist who has been working for years. ""I can't think of anything that's more like the Internet.""
He's a freelance journalist. He's also a journalist and writer.",22.353883028030396,0.5,50,0.9,1,100,2
Once upon a time in a digital world,"Once upon a time in a digital world, the story of a young woman who has lived the entire life of her life is told in an immersive and immersive narrative. The tale of the woman in her mid-twenties is an epic story about the role of women in creating, creating and disseminating the world and bringing it to life.

The story is in full swing right now, and I’ll be back to it in the near future!
About the Author
I",28.763223886489868,0.8,50,0.9,1,100,2
Once upon a time in a digital world,"Once upon a time in a digital world, I can't be sure what's going on with the Internet.

If I were to have a chat and read about it, they would likely have to include everything from the current generation of news, social media and websites to a list of apps, apps or applications. For those of you familiar with what the most popular app in the world is, the biggest list has to do with Google (or Google in particular).
So, there's not",28.028013944625854,1.0,50,0.9,1,100,2
The solution to climate change requires,"The solution to climate change requires a new approach to the problem,” said the U.S. Environmental Protection Agency (EPA) in a statement.

“The EPA is working with the states to develop a plan to address climate-related issues, including the impacts of climate disruption, and to reduce the risk of human-caused climate impacts, the EPA said.‡
The agency also said it would work with states and the federal government to implement a climate action plan that",27.87284779548645,0.2,50,0.9,1,100,2
The solution to climate change requires,"The solution to climate change requires a more comprehensive approach to addressing climate-related issues.

“
The study, which was funded by the Department of Energy, the U.S. Department for Energy and the National Science Foundation, and The National Oceanic and Atmospheric Administration, was published in the journal Science.",17.85431480407715,0.5,50,0.9,1,100,2
The solution to climate change requires,"The solution to climate change requires more action than ever before.

The climate science community is a group of scientists that together in the hope of finding solutions to the most pressing climate crisis that we face, the public should be prepared to support our actions and make the best possible decisions about the future.",16.331923007965088,0.8,50,0.9,1,100,2
The solution to climate change requires,"The solution to climate change requires more effective and effective solutions. A study commissioned by the Global Council of State Governments, based on data from the International Council on Climate Change in New York, found that more than half the world’s population now lives under extreme circumstances. According to a report by International Research Council (IRC) on Energy, the global average energy consumption, projected for 2008 and 2013, reached an estimated 15 trillion tons per year by 2030.

The research found global population growth",26.508362531661987,1.0,50,0.9,1,100,2
The future of artificial intelligence will,The future of artificial intelligence will be a matter of time before we can fully understand the nature of the human brain.,6.08171272277832,0.7,10,0.5,1,100,2
The future of artificial intelligence will,"The future of artificial intelligence will depend on the ability of the human brain to control the environment,› said the researchers.

The researchers were able to create an artificial brain with a high-resolution image of a human being that was able, in real time, to manipulate the environments. The image, which is projected at a time of light, can be controlled by a computer. In this way, the artificial brains can control how the person reacts to a change in the world, or how",26.021361112594604,0.7,10,0.9,1,100,2
The future of artificial intelligence will,"The future of artificial intelligence will be a challenge for the United States, and we are not alone in that. We are also facing a growing number of challenges.

The United Nations Security Council is expected to vote on a resolution on Tuesday that would require the U.S. to develop a new system of intelligence to protect against cyberattacks. The resolution, which would also require that the government of the US and other countries to provide intelligence on cyber attacks, is set to be adopted by the Security",25.456583261489868,0.7,50,0.5,1,100,2
The future of artificial intelligence will,"The future of artificial intelligence will have to be seen in the present and future,” said Professor Mark P. Zatman, an expert in artificial neural networks and a professor of computer science at Rutgers University.

The new technologies could help identify the future in a way that will allow people to better understand the world around them.",16.89893078804016,0.7,50,0.9,1,100,2
The future of artificial intelligence will,"The future of artificial intelligence will be in the hands of those who have been through it,"" he said. ""They will not be the ones who are not.""",8.777355432510376,0.7,50,0.9,1,100,2
The future of artificial intelligence will,"The future of artificial intelligence will depend on the ability of the human brain to process and process information,” he said.",31.66510796546936,0.7,50,0.9,3,100,2
The future of artificial intelligence will,"The future of artificial intelligence will depend on the ability of the human brain to recognize and respond to stimuli,” he said.",62.68831515312195,0.7,50,0.9,5,100,2
